#,Time,%Passes,Change,Test,Pass,Partial,Fail,Untested
0,Mon Sep 21 23:13:06 EDT 2020,30,30,Assignment2Suite,GetTest0+ KeysTest0+ KeysTest3+ KeysTest5+ PutTest0+ PutTest1+ PutTest3+ PutTest4+ PutTest5+ PutTest6+ RemoveTest0+ StructureTest0+ , ,DimensionTest0- DimensionTest1- DimensionTest2- DimensionTest3- DimensionTest4- GetTest1- GetTest2- GetTest3- GetTest4- KeysTest1- KeysTest2- KeysTest4- KeysTest6- MinMaxTest0- MinMaxTest1- MinMaxTest2- MinMaxTest3- MinMaxTest4- MinMaxTest5- MinMaxTest6- MinMaxTest7- PutTest2- RemoveTest1- RemoveTest2- RemoveTest3- StructureTest1- StructureTest2- StructureTest3- , ,
1,Wed Sep 23 17:06:08 EDT 2020,30,0,Assignment2Suite,GetTest0 KeysTest0 KeysTest3 KeysTest5 PutTest0 PutTest1 PutTest3 PutTest4 PutTest5 PutTest6 RemoveTest0 StructureTest0 , ,DimensionTest0 DimensionTest1 DimensionTest2 DimensionTest3 DimensionTest4 GetTest1 GetTest2 GetTest3 GetTest4 KeysTest1 KeysTest2 KeysTest4 KeysTest6 MinMaxTest0 MinMaxTest1 MinMaxTest2 MinMaxTest3 MinMaxTest4 MinMaxTest5 MinMaxTest6 MinMaxTest7 PutTest2 RemoveTest1 RemoveTest2 RemoveTest3 StructureTest1 StructureTest2 StructureTest3 , ,
2,Wed Sep 23 17:11:33 EDT 2020,30,0,Assignment2Suite,GetTest0 KeysTest0 KeysTest3 KeysTest5 PutTest0 PutTest1 PutTest3 PutTest4 PutTest5 PutTest6 RemoveTest0 StructureTest0 , ,DimensionTest0 DimensionTest1 DimensionTest2 DimensionTest3 DimensionTest4 GetTest1 GetTest2 GetTest3 GetTest4 KeysTest1 KeysTest2 KeysTest4 KeysTest6 MinMaxTest0 MinMaxTest1 MinMaxTest2 MinMaxTest3 MinMaxTest4 MinMaxTest5 MinMaxTest6 MinMaxTest7 PutTest2 RemoveTest1 RemoveTest2 RemoveTest3 StructureTest1 StructureTest2 StructureTest3 , ,
3,Wed Sep 23 23:39:23 EDT 2020,62,32,Assignment2Suite,DimensionTest0+ DimensionTest1+ DimensionTest2+ GetTest0 GetTest4+ KeysTest0 KeysTest3 KeysTest5 MinMaxTest0+ MinMaxTest1+ MinMaxTest2+ MinMaxTest3+ MinMaxTest4+ MinMaxTest5+ MinMaxTest6+ PutTest0 PutTest1 PutTest4 PutTest5 PutTest6 RemoveTest0 RemoveTest2+ StructureTest0 StructureTest1+ StructureTest2+ , ,DimensionTest3 DimensionTest4 GetTest1 GetTest2 GetTest3 KeysTest1 KeysTest2 KeysTest4 KeysTest6 MinMaxTest7 PutTest2 PutTest3- RemoveTest1 RemoveTest3 StructureTest3 , ,
4,Wed Sep 23 23:42:10 EDT 2020,62,0,Assignment2Suite,DimensionTest0 DimensionTest1 DimensionTest2 GetTest0 GetTest4 KeysTest0 KeysTest3 KeysTest5 MinMaxTest0 MinMaxTest1 MinMaxTest2 MinMaxTest3 MinMaxTest4 MinMaxTest5 MinMaxTest6 PutTest0 PutTest1 PutTest4 PutTest5 PutTest6 RemoveTest0 RemoveTest2 StructureTest0 StructureTest1 StructureTest2 , ,DimensionTest3 DimensionTest4 GetTest1 GetTest2 GetTest3 KeysTest1 KeysTest2 KeysTest4 KeysTest6 MinMaxTest7 PutTest2 PutTest3 RemoveTest1 RemoveTest3 StructureTest3 , ,
5,Wed Sep 23 23:42:50 EDT 2020,62,0,Assignment2Suite,DimensionTest0 DimensionTest1 DimensionTest2 GetTest0 GetTest4 KeysTest0 KeysTest3 KeysTest5 MinMaxTest0 MinMaxTest1 MinMaxTest2 MinMaxTest3 MinMaxTest4 MinMaxTest5 MinMaxTest6 PutTest0 PutTest1 PutTest4 PutTest5 PutTest6 RemoveTest0 RemoveTest2 StructureTest0 StructureTest1 StructureTest2 , ,DimensionTest3 DimensionTest4 GetTest1 GetTest2 GetTest3 KeysTest1 KeysTest2 KeysTest4 KeysTest6 MinMaxTest7 PutTest2 PutTest3 RemoveTest1 RemoveTest3 StructureTest3 , ,
6,Wed Sep 23 23:55:14 EDT 2020,62,0,Assignment2Suite,DimensionTest0 DimensionTest1 DimensionTest2 GetTest0 GetTest4 KeysTest0 KeysTest3 KeysTest5 MinMaxTest0 MinMaxTest1 MinMaxTest2 MinMaxTest3 MinMaxTest4 MinMaxTest5 MinMaxTest6 PutTest0 PutTest1 PutTest4 PutTest5 PutTest6 RemoveTest0 RemoveTest2 StructureTest0 StructureTest1 StructureTest2 , ,DimensionTest3 DimensionTest4 GetTest1 GetTest2 GetTest3 KeysTest1 KeysTest2 KeysTest4 KeysTest6 MinMaxTest7 PutTest2 PutTest3 RemoveTest1 RemoveTest3 StructureTest3 , ,
7,Thu Sep 24 00:18:43 EDT 2020,62,0,Assignment2Suite,DimensionTest0 DimensionTest1 DimensionTest2 GetTest0 GetTest4 KeysTest0 KeysTest3 KeysTest5 MinMaxTest0 MinMaxTest1 MinMaxTest2 MinMaxTest3 MinMaxTest4 MinMaxTest5 MinMaxTest6 PutTest0 PutTest1 PutTest4 PutTest5 PutTest6 RemoveTest0 RemoveTest2 StructureTest0 StructureTest1 StructureTest2 , ,DimensionTest3 DimensionTest4 GetTest1 GetTest2 GetTest3 KeysTest1 KeysTest2 KeysTest4 KeysTest6 MinMaxTest7 PutTest2 PutTest3 RemoveTest1 RemoveTest3 StructureTest3 , ,
8,Thu Sep 24 00:24:54 EDT 2020,62,0,Assignment2Suite,DimensionTest0 DimensionTest1 DimensionTest2 GetTest0 GetTest4 KeysTest0 KeysTest3 KeysTest5 MinMaxTest0 MinMaxTest1 MinMaxTest2 MinMaxTest3 MinMaxTest4 MinMaxTest5 MinMaxTest6 PutTest0 PutTest1 PutTest4 PutTest5 PutTest6 RemoveTest0 RemoveTest2 StructureTest0 StructureTest1 StructureTest2 , ,DimensionTest3 DimensionTest4 GetTest1 GetTest2 GetTest3 KeysTest1 KeysTest2 KeysTest4 KeysTest6 MinMaxTest7 PutTest2 PutTest3 RemoveTest1 RemoveTest3 StructureTest3 , ,
9,Thu Sep 24 00:25:03 EDT 2020,62,0,Assignment2Suite,DimensionTest0 DimensionTest1 DimensionTest2 GetTest0 GetTest4 KeysTest0 KeysTest3 KeysTest5 MinMaxTest0 MinMaxTest1 MinMaxTest2 MinMaxTest3 MinMaxTest4 MinMaxTest5 MinMaxTest6 PutTest0 PutTest1 PutTest4 PutTest5 PutTest6 RemoveTest0 RemoveTest2 StructureTest0 StructureTest1 StructureTest2 , ,DimensionTest3 DimensionTest4 GetTest1 GetTest2 GetTest3 KeysTest1 KeysTest2 KeysTest4 KeysTest6 MinMaxTest7 PutTest2 PutTest3 RemoveTest1 RemoveTest3 StructureTest3 , ,
10,Thu Sep 24 23:22:40 EDT 2020,62,0,Assignment2Suite,DimensionTest0 DimensionTest1 DimensionTest2 GetTest0 GetTest4 KeysTest0 KeysTest3 KeysTest5 MinMaxTest0 MinMaxTest1 MinMaxTest2 MinMaxTest3 MinMaxTest4 MinMaxTest5 MinMaxTest6 PutTest0 PutTest1 PutTest4 PutTest5 PutTest6 RemoveTest0 RemoveTest2 StructureTest0 StructureTest1 StructureTest2 , ,DimensionTest3 DimensionTest4 GetTest1 GetTest2 GetTest3 KeysTest1 KeysTest2 KeysTest4 KeysTest6 MinMaxTest7 PutTest2 PutTest3 RemoveTest1 RemoveTest3 StructureTest3 , ,
11,Thu Sep 24 23:28:26 EDT 2020,77,15,Assignment2Suite,DimensionTest0 DimensionTest1 DimensionTest2 GetTest0 GetTest1+ GetTest2+ GetTest4 KeysTest0 KeysTest2+ KeysTest3 KeysTest5 MinMaxTest0 MinMaxTest1 MinMaxTest2 MinMaxTest3 MinMaxTest4 MinMaxTest5 PutTest0 PutTest1 PutTest2+ PutTest3+ PutTest4 PutTest5 PutTest6 RemoveTest0 RemoveTest1+ RemoveTest2 RemoveTest3+ StructureTest0 StructureTest1 StructureTest2 , ,DimensionTest3 DimensionTest4 GetTest3 KeysTest1 KeysTest4 KeysTest6 MinMaxTest6- MinMaxTest7 StructureTest3 , ,
12,Thu Sep 24 23:47:54 EDT 2020,75,-2,Assignment2Suite,DimensionTest0 DimensionTest1 DimensionTest2 GetTest0 GetTest1 GetTest2 GetTest4 KeysTest0 KeysTest2 KeysTest3 KeysTest5 MinMaxTest0 MinMaxTest1 MinMaxTest2 MinMaxTest3 MinMaxTest4 MinMaxTest5 MinMaxTest6+ PutTest0 PutTest1 PutTest2 PutTest3 PutTest4 PutTest5 PutTest6 RemoveTest0 RemoveTest2 StructureTest0 StructureTest1 StructureTest2 , ,DimensionTest3 DimensionTest4 GetTest3 KeysTest1 KeysTest4 KeysTest6 MinMaxTest7 RemoveTest1- RemoveTest3- StructureTest3 , ,
13,Thu Sep 24 23:48:23 EDT 2020,77,2,Assignment2Suite,DimensionTest0 DimensionTest1 DimensionTest2 GetTest0 GetTest1 GetTest2 GetTest4 KeysTest0 KeysTest2 KeysTest3 KeysTest5 MinMaxTest0 MinMaxTest1 MinMaxTest2 MinMaxTest3 MinMaxTest4 MinMaxTest5 PutTest0 PutTest1 PutTest2 PutTest3 PutTest4 PutTest5 PutTest6 RemoveTest0 RemoveTest1+ RemoveTest2 RemoveTest3+ StructureTest0 StructureTest1 StructureTest2 , ,DimensionTest3 DimensionTest4 GetTest3 KeysTest1 KeysTest4 KeysTest6 MinMaxTest6- MinMaxTest7 StructureTest3 , ,
14,Fri Sep 25 11:59:10 EDT 2020,72,-5,Assignment2Suite,DimensionTest0 DimensionTest1 DimensionTest2 GetTest0 GetTest1 GetTest2 GetTest4 KeysTest0 KeysTest2 KeysTest3 KeysTest5 MinMaxTest0 MinMaxTest1 MinMaxTest2 MinMaxTest3 MinMaxTest4 MinMaxTest5 PutTest0 PutTest1 PutTest2 PutTest3 PutTest4 PutTest5 PutTest6 RemoveTest0 RemoveTest2 StructureTest0 StructureTest1 StructureTest2 , ,DimensionTest3 DimensionTest4 GetTest3 KeysTest1 KeysTest4 KeysTest6 MinMaxTest6 MinMaxTest7 RemoveTest1- RemoveTest3- StructureTest3 , ,
15,Fri Sep 25 11:59:58 EDT 2020,72,0,Assignment2Suite,DimensionTest0 DimensionTest1 DimensionTest2 GetTest0 GetTest1 GetTest2 GetTest4 KeysTest0 KeysTest2 KeysTest3 KeysTest5 MinMaxTest0 MinMaxTest1 MinMaxTest2 MinMaxTest3 MinMaxTest4 MinMaxTest5 PutTest0 PutTest1 PutTest2 PutTest3 PutTest4 PutTest5 PutTest6 RemoveTest0 RemoveTest2 StructureTest0 StructureTest1 StructureTest2 , ,DimensionTest3 DimensionTest4 GetTest3 KeysTest1 KeysTest4 KeysTest6 MinMaxTest6 MinMaxTest7 RemoveTest1 RemoveTest3 StructureTest3 , ,
16,Fri Sep 25 12:00:35 EDT 2020,72,0,Assignment2Suite,DimensionTest0 DimensionTest1 DimensionTest2 GetTest0 GetTest1 GetTest2 GetTest4 KeysTest0 KeysTest2 KeysTest3 KeysTest5 MinMaxTest0 MinMaxTest1 MinMaxTest2 MinMaxTest3 MinMaxTest4 MinMaxTest5 PutTest0 PutTest1 PutTest2 PutTest3 PutTest4 PutTest5 PutTest6 RemoveTest0 RemoveTest2 StructureTest0 StructureTest1 StructureTest2 , ,DimensionTest3 DimensionTest4 GetTest3 KeysTest1 KeysTest4 KeysTest6 MinMaxTest6 MinMaxTest7 RemoveTest1 RemoveTest3 StructureTest3 , ,
17,Fri Sep 25 12:01:42 EDT 2020,72,0,Assignment2Suite,DimensionTest0 DimensionTest1 DimensionTest2 GetTest0 GetTest1 GetTest2 GetTest4 KeysTest0 KeysTest2 KeysTest3 KeysTest5 MinMaxTest0 MinMaxTest1 MinMaxTest2 MinMaxTest3 MinMaxTest4 MinMaxTest5 PutTest0 PutTest1 PutTest2 PutTest3 PutTest4 PutTest5 PutTest6 RemoveTest0 RemoveTest2 StructureTest0 StructureTest1 StructureTest2 , ,DimensionTest3 DimensionTest4 GetTest3 KeysTest1 KeysTest4 KeysTest6 MinMaxTest6 MinMaxTest7 RemoveTest1 RemoveTest3 StructureTest3 , ,
18,Fri Sep 25 12:06:20 EDT 2020,72,0,Assignment2Suite,DimensionTest0 DimensionTest1 DimensionTest2 GetTest0 GetTest1 GetTest2 GetTest4 KeysTest0 KeysTest2 KeysTest3 KeysTest5 MinMaxTest0 MinMaxTest1 MinMaxTest2 MinMaxTest3 MinMaxTest4 MinMaxTest5 PutTest0 PutTest1 PutTest2 PutTest3 PutTest4 PutTest5 PutTest6 RemoveTest0 RemoveTest2 StructureTest0 StructureTest1 StructureTest2 , ,DimensionTest3 DimensionTest4 GetTest3 KeysTest1 KeysTest4 KeysTest6 MinMaxTest6 MinMaxTest7 RemoveTest1 RemoveTest3 StructureTest3 , ,
19,Fri Sep 25 12:07:10 EDT 2020,72,0,Assignment2Suite,DimensionTest0 DimensionTest1 DimensionTest2 GetTest0 GetTest1 GetTest2 GetTest4 KeysTest0 KeysTest2 KeysTest3 KeysTest5 MinMaxTest0 MinMaxTest1 MinMaxTest2 MinMaxTest3 MinMaxTest4 MinMaxTest5 PutTest0 PutTest1 PutTest2 PutTest3 PutTest4 PutTest5 PutTest6 RemoveTest0 RemoveTest2 StructureTest0 StructureTest1 StructureTest2 , ,DimensionTest3 DimensionTest4 GetTest3 KeysTest1 KeysTest4 KeysTest6 MinMaxTest6 MinMaxTest7 RemoveTest1 RemoveTest3 StructureTest3 , ,
20,Fri Sep 25 12:14:09 EDT 2020,75,3,Assignment2Suite,DimensionTest0 DimensionTest1 DimensionTest2 GetTest0 GetTest1 GetTest2 GetTest3+ GetTest4 KeysTest0 KeysTest2 KeysTest3 KeysTest5 MinMaxTest0 MinMaxTest1 MinMaxTest2 MinMaxTest3 MinMaxTest4 MinMaxTest5 PutTest0 PutTest1 PutTest2 PutTest3 PutTest4 PutTest5 PutTest6 RemoveTest0 RemoveTest2 StructureTest0 StructureTest1 StructureTest2 , ,DimensionTest3 DimensionTest4 KeysTest1 KeysTest4 KeysTest6 MinMaxTest6 MinMaxTest7 RemoveTest1 RemoveTest3 StructureTest3 , ,
21,Fri Sep 25 12:29:13 EDT 2020,77,2,Assignment2Suite,DimensionTest0 DimensionTest1 DimensionTest2 GetTest0 GetTest1 GetTest2 GetTest3 GetTest4 KeysTest0 KeysTest2 KeysTest3 KeysTest5 MinMaxTest0 MinMaxTest1 MinMaxTest2 MinMaxTest3 MinMaxTest4 MinMaxTest5 MinMaxTest6+ PutTest0 PutTest1 PutTest2 PutTest3 PutTest4 PutTest5 PutTest6 RemoveTest0 RemoveTest2 StructureTest0 StructureTest1 StructureTest2 , ,DimensionTest3 DimensionTest4 KeysTest1 KeysTest4 KeysTest6 MinMaxTest7 RemoveTest1 RemoveTest3 StructureTest3 , ,
22,Fri Sep 25 12:31:38 EDT 2020,77,0,Assignment2Suite,DimensionTest0 DimensionTest1 DimensionTest2 GetTest0 GetTest1 GetTest2 GetTest3 GetTest4 KeysTest0 KeysTest2 KeysTest3 KeysTest5 MinMaxTest0 MinMaxTest1 MinMaxTest2 MinMaxTest3 MinMaxTest4 MinMaxTest5 MinMaxTest6 PutTest0 PutTest1 PutTest2 PutTest3 PutTest4 PutTest5 PutTest6 RemoveTest0 RemoveTest2 StructureTest0 StructureTest1 StructureTest2 , ,DimensionTest3 DimensionTest4 KeysTest1 KeysTest4 KeysTest6 MinMaxTest7 RemoveTest1 RemoveTest3 StructureTest3 , ,
23,Fri Sep 25 12:35:38 EDT 2020,80,3,Assignment2Suite,DimensionTest0 DimensionTest1 DimensionTest2 GetTest0 GetTest1 GetTest2 GetTest3 GetTest4 KeysTest0 KeysTest2 KeysTest3 KeysTest5 MinMaxTest0 MinMaxTest1 MinMaxTest2 MinMaxTest3 MinMaxTest4 MinMaxTest5 MinMaxTest6 PutTest0 PutTest1 PutTest2 PutTest3 PutTest4 PutTest5 PutTest6 RemoveTest0 RemoveTest1+ RemoveTest2 StructureTest0 StructureTest1 StructureTest2 , ,DimensionTest3 DimensionTest4 KeysTest1 KeysTest4 KeysTest6 MinMaxTest7 RemoveTest3 StructureTest3 , ,
24,Fri Sep 25 12:36:24 EDT 2020,80,0,Assignment2Suite,DimensionTest0 DimensionTest1 DimensionTest2 GetTest0 GetTest1 GetTest2 GetTest3 GetTest4 KeysTest0 KeysTest2 KeysTest3 KeysTest5 MinMaxTest0 MinMaxTest1 MinMaxTest2 MinMaxTest3 MinMaxTest4 MinMaxTest5 MinMaxTest6 PutTest0 PutTest1 PutTest2 PutTest3 PutTest4 PutTest5 PutTest6 RemoveTest0 RemoveTest1 RemoveTest2 StructureTest0 StructureTest1 StructureTest2 , ,DimensionTest3 DimensionTest4 KeysTest1 KeysTest4 KeysTest6 MinMaxTest7 RemoveTest3 StructureTest3 , ,
25,Fri Sep 25 15:02:07 EDT 2020,80,0,Assignment2Suite,DimensionTest0 DimensionTest1 DimensionTest2 GetTest0 GetTest1 GetTest2 GetTest3 GetTest4 KeysTest0 KeysTest2 KeysTest3 KeysTest5 MinMaxTest0 MinMaxTest1 MinMaxTest2 MinMaxTest3 MinMaxTest4 MinMaxTest5 MinMaxTest6 PutTest0 PutTest1 PutTest2 PutTest3 PutTest4 PutTest5 PutTest6 RemoveTest0 RemoveTest1 RemoveTest2 StructureTest0 StructureTest1 StructureTest2 , ,DimensionTest3 DimensionTest4 KeysTest1 KeysTest4 KeysTest6 MinMaxTest7 RemoveTest3 StructureTest3 , ,
26,Fri Sep 25 15:52:32 EDT 2020,80,0,Assignment2Suite,DimensionTest0 DimensionTest1 DimensionTest2 GetTest0 GetTest1 GetTest2 GetTest3 GetTest4 KeysTest0 KeysTest2 KeysTest3 KeysTest5 MinMaxTest0 MinMaxTest1 MinMaxTest2 MinMaxTest3 MinMaxTest4 MinMaxTest5 MinMaxTest6 PutTest0 PutTest1 PutTest2 PutTest3 PutTest4 PutTest5 PutTest6 RemoveTest0 RemoveTest1 RemoveTest2 StructureTest0 StructureTest1 StructureTest2 , ,DimensionTest3 DimensionTest4 KeysTest1 KeysTest4 KeysTest6 MinMaxTest7 RemoveTest3 StructureTest3 , ,
27,Fri Sep 25 16:37:00 EDT 2020,80,0,Assignment2Suite,DimensionTest0 DimensionTest1 DimensionTest2 GetTest0 GetTest1 GetTest2 GetTest3 GetTest4 KeysTest0 KeysTest2 KeysTest3 KeysTest5 MinMaxTest0 MinMaxTest1 MinMaxTest2 MinMaxTest3 MinMaxTest4 MinMaxTest5 MinMaxTest6 PutTest0 PutTest1 PutTest2 PutTest3 PutTest4 PutTest5 PutTest6 RemoveTest0 RemoveTest1 RemoveTest2 StructureTest0 StructureTest1 StructureTest2 , ,DimensionTest3 DimensionTest4 KeysTest1 KeysTest4 KeysTest6 MinMaxTest7 RemoveTest3 StructureTest3 , ,
28,Fri Sep 25 16:43:03 EDT 2020,87,7,Assignment2Suite,DimensionTest0 DimensionTest1 DimensionTest2 GetTest0 GetTest1 GetTest2 GetTest3 GetTest4 KeysTest0 KeysTest2 KeysTest3 KeysTest5 MinMaxTest0 MinMaxTest1 MinMaxTest2 MinMaxTest3 MinMaxTest4 MinMaxTest5 MinMaxTest6 MinMaxTest7+ PutTest0 PutTest1 PutTest2 PutTest3 PutTest4 PutTest5 PutTest6 RemoveTest0 RemoveTest1 RemoveTest2 RemoveTest3+ StructureTest0 StructureTest1 StructureTest2 StructureTest3+ , ,DimensionTest3 DimensionTest4 KeysTest1 KeysTest4 KeysTest6 , ,
29,Fri Sep 25 16:46:52 EDT 2020,87,0,Assignment2Suite,DimensionTest0 DimensionTest1 DimensionTest2 GetTest0 GetTest1 GetTest2 GetTest3 GetTest4 KeysTest0 KeysTest2 KeysTest3 KeysTest5 MinMaxTest0 MinMaxTest1 MinMaxTest2 MinMaxTest3 MinMaxTest4 MinMaxTest5 MinMaxTest6 MinMaxTest7 PutTest0 PutTest1 PutTest2 PutTest3 PutTest4 PutTest5 PutTest6 RemoveTest0 RemoveTest1 RemoveTest2 RemoveTest3 StructureTest0 StructureTest1 StructureTest2 StructureTest3 , ,DimensionTest3 DimensionTest4 KeysTest1 KeysTest4 KeysTest6 , ,
30,Fri Sep 25 16:59:55 EDT 2020,97,10,Assignment2Suite,DimensionTest0 DimensionTest1 DimensionTest2 DimensionTest3+ DimensionTest4+ GetTest0 GetTest1 GetTest2 GetTest3 GetTest4 KeysTest0 KeysTest2 KeysTest3 KeysTest4+ KeysTest5 KeysTest6+ MinMaxTest0 MinMaxTest1 MinMaxTest2 MinMaxTest3 MinMaxTest4 MinMaxTest5 MinMaxTest6 MinMaxTest7 PutTest0 PutTest1 PutTest2 PutTest3 PutTest4 PutTest5 PutTest6 RemoveTest0 RemoveTest1 RemoveTest2 RemoveTest3 StructureTest0 StructureTest1 StructureTest2 StructureTest3 , ,KeysTest1 , ,
31,Fri Sep 25 17:07:29 EDT 2020,97,0,Assignment2Suite,DimensionTest0 DimensionTest1 DimensionTest2 DimensionTest3 DimensionTest4 GetTest0 GetTest1 GetTest2 GetTest3 GetTest4 KeysTest0 KeysTest2 KeysTest3 KeysTest4 KeysTest5 KeysTest6 MinMaxTest0 MinMaxTest1 MinMaxTest2 MinMaxTest3 MinMaxTest4 MinMaxTest5 MinMaxTest6 MinMaxTest7 PutTest0 PutTest1 PutTest2 PutTest3 PutTest4 PutTest5 PutTest6 RemoveTest0 RemoveTest1 RemoveTest2 RemoveTest3 StructureTest0 StructureTest1 StructureTest2 StructureTest3 , ,KeysTest1 , ,
32,Fri Sep 25 17:12:12 EDT 2020,97,0,Assignment2Suite,DimensionTest0 DimensionTest1 DimensionTest2 DimensionTest3 DimensionTest4 GetTest0 GetTest1 GetTest2 GetTest3 GetTest4 KeysTest0 KeysTest2 KeysTest3 KeysTest4 KeysTest5 KeysTest6 MinMaxTest0 MinMaxTest1 MinMaxTest2 MinMaxTest3 MinMaxTest4 MinMaxTest5 MinMaxTest6 MinMaxTest7 PutTest0 PutTest1 PutTest2 PutTest3 PutTest4 PutTest5 PutTest6 RemoveTest0 RemoveTest1 RemoveTest2 RemoveTest3 StructureTest0 StructureTest1 StructureTest2 StructureTest3 , ,KeysTest1 , ,
33,Fri Sep 25 17:18:53 EDT 2020,92,-5,Assignment2Suite,DimensionTest0 DimensionTest1 DimensionTest2 DimensionTest3 DimensionTest4 GetTest0 GetTest1 GetTest2 GetTest3 GetTest4 KeysTest0 KeysTest2 KeysTest3 KeysTest5 MinMaxTest0 MinMaxTest1 MinMaxTest2 MinMaxTest3 MinMaxTest4 MinMaxTest5 MinMaxTest6 MinMaxTest7 PutTest0 PutTest1 PutTest2 PutTest3 PutTest4 PutTest5 PutTest6 RemoveTest0 RemoveTest1 RemoveTest2 RemoveTest3 StructureTest0 StructureTest1 StructureTest2 StructureTest3 , ,KeysTest1 KeysTest4- KeysTest6- , ,
34,Fri Sep 25 17:19:17 EDT 2020,97,5,Assignment2Suite,DimensionTest0 DimensionTest1 DimensionTest2 DimensionTest3 DimensionTest4 GetTest0 GetTest1 GetTest2 GetTest3 GetTest4 KeysTest0 KeysTest2 KeysTest3 KeysTest4+ KeysTest5 KeysTest6+ MinMaxTest0 MinMaxTest1 MinMaxTest2 MinMaxTest3 MinMaxTest4 MinMaxTest5 MinMaxTest6 MinMaxTest7 PutTest0 PutTest1 PutTest2 PutTest3 PutTest4 PutTest5 PutTest6 RemoveTest0 RemoveTest1 RemoveTest2 RemoveTest3 StructureTest0 StructureTest1 StructureTest2 StructureTest3 , ,KeysTest1 , ,
35,Fri Sep 25 17:26:27 EDT 2020,97,0,Assignment2Suite,DimensionTest0 DimensionTest1 DimensionTest2 DimensionTest3 DimensionTest4 GetTest0 GetTest1 GetTest2 GetTest3 GetTest4 KeysTest0 KeysTest2 KeysTest3 KeysTest4 KeysTest5 KeysTest6 MinMaxTest0 MinMaxTest1 MinMaxTest2 MinMaxTest3 MinMaxTest4 MinMaxTest5 MinMaxTest6 MinMaxTest7 PutTest0 PutTest1 PutTest2 PutTest3 PutTest4 PutTest5 PutTest6 RemoveTest0 RemoveTest1 RemoveTest2 RemoveTest3 StructureTest0 StructureTest1 StructureTest2 StructureTest3 , ,KeysTest1 , ,
36,Fri Sep 25 17:26:50 EDT 2020,92,-5,Assignment2Suite,DimensionTest0 DimensionTest1 DimensionTest2 DimensionTest3 DimensionTest4 GetTest0 GetTest1 GetTest2 GetTest3 GetTest4 KeysTest0 KeysTest2 KeysTest3 KeysTest5 MinMaxTest0 MinMaxTest1 MinMaxTest2 MinMaxTest3 MinMaxTest4 MinMaxTest5 MinMaxTest6 MinMaxTest7 PutTest0 PutTest1 PutTest2 PutTest3 PutTest4 PutTest5 PutTest6 RemoveTest0 RemoveTest1 RemoveTest2 RemoveTest3 StructureTest0 StructureTest1 StructureTest2 StructureTest3 , ,KeysTest1 KeysTest4- KeysTest6- , ,
37,Fri Sep 25 17:27:02 EDT 2020,97,5,Assignment2Suite,DimensionTest0 DimensionTest1 DimensionTest2 DimensionTest3 DimensionTest4 GetTest0 GetTest1 GetTest2 GetTest3 GetTest4 KeysTest0 KeysTest2 KeysTest3 KeysTest4+ KeysTest5 KeysTest6+ MinMaxTest0 MinMaxTest1 MinMaxTest2 MinMaxTest3 MinMaxTest4 MinMaxTest5 MinMaxTest6 MinMaxTest7 PutTest0 PutTest1 PutTest2 PutTest3 PutTest4 PutTest5 PutTest6 RemoveTest0 RemoveTest1 RemoveTest2 RemoveTest3 StructureTest0 StructureTest1 StructureTest2 StructureTest3 , ,KeysTest1 , ,
38,Fri Sep 25 17:27:14 EDT 2020,97,0,Assignment2Suite,DimensionTest0 DimensionTest1 DimensionTest2 DimensionTest3 DimensionTest4 GetTest0 GetTest1 GetTest2 GetTest3 GetTest4 KeysTest0 KeysTest2 KeysTest3 KeysTest4 KeysTest5 KeysTest6 MinMaxTest0 MinMaxTest1 MinMaxTest2 MinMaxTest3 MinMaxTest4 MinMaxTest5 MinMaxTest6 MinMaxTest7 PutTest0 PutTest1 PutTest2 PutTest3 PutTest4 PutTest5 PutTest6 RemoveTest0 RemoveTest1 RemoveTest2 RemoveTest3 StructureTest0 StructureTest1 StructureTest2 StructureTest3 , ,KeysTest1 , ,
39,Fri Sep 25 17:27:25 EDT 2020,92,-5,Assignment2Suite,DimensionTest0 DimensionTest1 DimensionTest2 DimensionTest3 DimensionTest4 GetTest0 GetTest1 GetTest2 GetTest3 GetTest4 KeysTest0 KeysTest2 KeysTest3 KeysTest5 MinMaxTest0 MinMaxTest1 MinMaxTest2 MinMaxTest3 MinMaxTest4 MinMaxTest5 MinMaxTest6 MinMaxTest7 PutTest0 PutTest1 PutTest2 PutTest3 PutTest4 PutTest5 PutTest6 RemoveTest0 RemoveTest1 RemoveTest2 RemoveTest3 StructureTest0 StructureTest1 StructureTest2 StructureTest3 , ,KeysTest1 KeysTest4- KeysTest6- , ,
40,Fri Sep 25 17:27:40 EDT 2020,97,5,Assignment2Suite,DimensionTest0 DimensionTest1 DimensionTest2 DimensionTest3 DimensionTest4 GetTest0 GetTest1 GetTest2 GetTest3 GetTest4 KeysTest0 KeysTest2 KeysTest3 KeysTest4+ KeysTest5 KeysTest6+ MinMaxTest0 MinMaxTest1 MinMaxTest2 MinMaxTest3 MinMaxTest4 MinMaxTest5 MinMaxTest6 MinMaxTest7 PutTest0 PutTest1 PutTest2 PutTest3 PutTest4 PutTest5 PutTest6 RemoveTest0 RemoveTest1 RemoveTest2 RemoveTest3 StructureTest0 StructureTest1 StructureTest2 StructureTest3 , ,KeysTest1 , ,
41,Fri Sep 25 17:27:47 EDT 2020,97,0,Assignment2Suite,DimensionTest0 DimensionTest1 DimensionTest2 DimensionTest3 DimensionTest4 GetTest0 GetTest1 GetTest2 GetTest3 GetTest4 KeysTest0 KeysTest2 KeysTest3 KeysTest4 KeysTest5 KeysTest6 MinMaxTest0 MinMaxTest1 MinMaxTest2 MinMaxTest3 MinMaxTest4 MinMaxTest5 MinMaxTest6 MinMaxTest7 PutTest0 PutTest1 PutTest2 PutTest3 PutTest4 PutTest5 PutTest6 RemoveTest0 RemoveTest1 RemoveTest2 RemoveTest3 StructureTest0 StructureTest1 StructureTest2 StructureTest3 , ,KeysTest1 , ,
42,Fri Sep 25 17:28:31 EDT 2020,97,0,Assignment2Suite,DimensionTest0 DimensionTest1 DimensionTest2 DimensionTest3 DimensionTest4 GetTest0 GetTest1 GetTest2 GetTest3 GetTest4 KeysTest0 KeysTest2 KeysTest3 KeysTest4 KeysTest5 KeysTest6 MinMaxTest0 MinMaxTest1 MinMaxTest2 MinMaxTest3 MinMaxTest4 MinMaxTest5 MinMaxTest6 MinMaxTest7 PutTest0 PutTest1 PutTest2 PutTest3 PutTest4 PutTest5 PutTest6 RemoveTest0 RemoveTest1 RemoveTest2 RemoveTest3 StructureTest0 StructureTest1 StructureTest2 StructureTest3 , ,KeysTest1 , ,
43,Fri Sep 25 17:28:43 EDT 2020,97,0,Assignment2Suite,DimensionTest0 DimensionTest1 DimensionTest2 DimensionTest3 DimensionTest4 GetTest0 GetTest1 GetTest2 GetTest3 GetTest4 KeysTest0 KeysTest2 KeysTest3 KeysTest4 KeysTest5 KeysTest6 MinMaxTest0 MinMaxTest1 MinMaxTest2 MinMaxTest3 MinMaxTest4 MinMaxTest5 MinMaxTest6 MinMaxTest7 PutTest0 PutTest1 PutTest2 PutTest3 PutTest4 PutTest5 PutTest6 RemoveTest0 RemoveTest1 RemoveTest2 RemoveTest3 StructureTest0 StructureTest1 StructureTest2 StructureTest3 , ,KeysTest1 , ,
44,Fri Sep 25 17:29:42 EDT 2020,97,0,Assignment2Suite,DimensionTest0 DimensionTest1 DimensionTest2 DimensionTest3 DimensionTest4 GetTest0 GetTest1 GetTest2 GetTest3 GetTest4 KeysTest0 KeysTest2 KeysTest3 KeysTest4 KeysTest5 KeysTest6 MinMaxTest0 MinMaxTest1 MinMaxTest2 MinMaxTest3 MinMaxTest4 MinMaxTest5 MinMaxTest6 MinMaxTest7 PutTest0 PutTest1 PutTest2 PutTest3 PutTest4 PutTest5 PutTest6 RemoveTest0 RemoveTest1 RemoveTest2 RemoveTest3 StructureTest0 StructureTest1 StructureTest2 StructureTest3 , ,KeysTest1 , ,
45,Fri Sep 25 17:31:47 EDT 2020,92,-5,Assignment2Suite,DimensionTest0 DimensionTest1 DimensionTest2 DimensionTest3 DimensionTest4 GetTest0 GetTest1 GetTest2 GetTest3 GetTest4 KeysTest0 KeysTest2 KeysTest3 KeysTest5 MinMaxTest0 MinMaxTest1 MinMaxTest2 MinMaxTest3 MinMaxTest4 MinMaxTest5 MinMaxTest6 MinMaxTest7 PutTest0 PutTest1 PutTest2 PutTest3 PutTest4 PutTest5 PutTest6 RemoveTest0 RemoveTest1 RemoveTest2 RemoveTest3 StructureTest0 StructureTest1 StructureTest2 StructureTest3 , ,KeysTest1 KeysTest4- KeysTest6- , ,
46,Fri Sep 25 17:32:19 EDT 2020,92,0,Assignment2Suite,DimensionTest0 DimensionTest1 DimensionTest2 DimensionTest3 DimensionTest4 GetTest0 GetTest1 GetTest2 GetTest3 GetTest4 KeysTest0 KeysTest2 KeysTest3 KeysTest5 MinMaxTest0 MinMaxTest1 MinMaxTest2 MinMaxTest3 MinMaxTest4 MinMaxTest5 MinMaxTest6 MinMaxTest7 PutTest0 PutTest1 PutTest2 PutTest3 PutTest4 PutTest5 PutTest6 RemoveTest0 RemoveTest1 RemoveTest2 RemoveTest3 StructureTest0 StructureTest1 StructureTest2 StructureTest3 , ,KeysTest1 KeysTest4 KeysTest6 , ,
47,Fri Sep 25 17:33:07 EDT 2020,92,0,Assignment2Suite,DimensionTest0 DimensionTest1 DimensionTest2 DimensionTest3 DimensionTest4 GetTest0 GetTest1 GetTest2 GetTest3 GetTest4 KeysTest0 KeysTest2 KeysTest3 KeysTest5 MinMaxTest0 MinMaxTest1 MinMaxTest2 MinMaxTest3 MinMaxTest4 MinMaxTest5 MinMaxTest6 MinMaxTest7 PutTest0 PutTest1 PutTest2 PutTest3 PutTest4 PutTest5 PutTest6 RemoveTest0 RemoveTest1 RemoveTest2 RemoveTest3 StructureTest0 StructureTest1 StructureTest2 StructureTest3 , ,KeysTest1 KeysTest4 KeysTest6 , ,
48,Fri Sep 25 17:33:23 EDT 2020,97,5,Assignment2Suite,DimensionTest0 DimensionTest1 DimensionTest2 DimensionTest3 DimensionTest4 GetTest0 GetTest1 GetTest2 GetTest3 GetTest4 KeysTest0 KeysTest2 KeysTest3 KeysTest4+ KeysTest5 KeysTest6+ MinMaxTest0 MinMaxTest1 MinMaxTest2 MinMaxTest3 MinMaxTest4 MinMaxTest5 MinMaxTest6 MinMaxTest7 PutTest0 PutTest1 PutTest2 PutTest3 PutTest4 PutTest5 PutTest6 RemoveTest0 RemoveTest1 RemoveTest2 RemoveTest3 StructureTest0 StructureTest1 StructureTest2 StructureTest3 , ,KeysTest1 , ,
49,Fri Sep 25 18:27:19 EDT 2020,97,0,Assignment2Suite,DimensionTest0 DimensionTest1 DimensionTest2 DimensionTest3 DimensionTest4 GetTest0 GetTest1 GetTest2 GetTest3 GetTest4 KeysTest0 KeysTest2 KeysTest3 KeysTest4 KeysTest5 KeysTest6 MinMaxTest0 MinMaxTest1 MinMaxTest2 MinMaxTest3 MinMaxTest4 MinMaxTest5 MinMaxTest6 MinMaxTest7 PutTest0 PutTest1 PutTest2 PutTest3 PutTest4 PutTest5 PutTest6 RemoveTest0 RemoveTest1 RemoveTest2 RemoveTest3 StructureTest0 StructureTest1 StructureTest2 StructureTest3 , ,KeysTest1 , ,
50,Mon Oct 12 17:47:04 EDT 2020,97,0,Assignment2Suite,DimensionTest0 DimensionTest1 DimensionTest2 DimensionTest3 DimensionTest4 GetTest0 GetTest1 GetTest2 GetTest3 GetTest4 KeysTest0 KeysTest2 KeysTest3 KeysTest4 KeysTest5 KeysTest6 MinMaxTest0 MinMaxTest1 MinMaxTest2 MinMaxTest3 MinMaxTest4 MinMaxTest5 MinMaxTest6 MinMaxTest7 PutTest0 PutTest1 PutTest2 PutTest3 PutTest4 PutTest5 PutTest6 RemoveTest0 RemoveTest1 RemoveTest2 RemoveTest3 StructureTest0 StructureTest1 StructureTest2 StructureTest3 , ,KeysTest1 , ,
